,accuracy (%),avg_time (s)
3,8,3.8245480704307555
4,0,2.551209509372711
5,0,0.0
6,0,0.0
7,0,0.0
