,accuracy (%),avg_time (s)
3,10,26.58244123697281
4,0,35.20106599092483
5,0,0.0
6,0,0.0
7,0,0.0
